,Toy,Herding,Hound,Mix,Non-Sporting,Sporting,Terrier,Working,Other,Foundation Stock Service
0,0.1875,0.2765957446808511,0.38095238095238093,0.2708333333333333,0.05405405405405406,0.1188118811881188,0.18421052631578946,0.40540540540540543,0.22033898305084745,0.22033898305084745
