Weight,Sex,Anion Gap,Sodium,Potassium,Chloride,Bicarb,Phosphorus,Calcium,BUN,Creatinine,Glucose,Total Protein,Albumin,Globulin,ALT,Prior,AST,ALP,GGT,Cholesterol,Bilirubin,Urine Specific Gravity,Urine Protein,Urine Glucose,Hct,Hgb,MCV,WBC,Bands,Neut,Lymph,Mono,Eosin,Plt,MAT
13.68795073,0.499353216,7.120659891,6.001514347,0.941169235,8.463259826,4.874843122,5.666627905,1.705769897,65.23651684,4.137539732,30.37752866,1.064175199,0.665974984,0.785867421,370.4984983,0.102601952,353.3840282,825.2555974,19.23272764,90.87909116,4.194699483,0.006455326,1.205101068,0.84262197,8.31916933,2.878743541,4.373378326,8165.547132,566.3200369,7137.005808,852.516088,1132.974974,450.3503608,166.6113565,
13.76052593,0.498132389,6.945528149,5.888257871,0.899137077,8.260782769,4.848797333,5.723673654,1.757850661,65.38463175,4.16350564,28.87347078,1.068117899,0.690563237,0.782503164,394.7072424,0.102234223,372.196292,873.6253768,20.44562932,93.01936339,4.014431934,0.006642048,1.225094845,0.817025405,8.383406228,2.909403827,4.506511352,8373.210796,595.5934741,7287.865279,843.6255752,1171.658373,475.8429837,171.7954628,1.13775259
